<?xml version="1.0"?><extension version="1.7" type="template" method="upgrade"><name>theme--2001</name><version>1.0</version><creationDate>07/18/2019 00:00:00</creationDate><author>TemplateToaster</author><authorUrl>http://TemplateToaster.com</authorUrl><copyright>Copyright 2012http://templatetoaster.comAll Rights Reserved.</copyright><license>GNU/GPL</license><description /><files><filename>index.php</filename><filename>error.php</filename><filename>template_thumbnail.png</filename><filename>template_preview.png</filename><filename>logo.png</filename><filename>params.ini</filename><filename>templateDetails.xml</filename><filename>component.php</filename><folder>css</folder><folder>html</folder><folder>js</folder><folder>images</folder><folder>Fonts</folder><folder>language</folder></files><positions><position>HBModulePosition00</position><position>HBModulePosition01</position><position>HBModulePosition02</position><position>HBModulePosition03</position><position>HAModulePosition00</position><position>HAModulePosition01</position><position>HAModulePosition02</position><position>HAModulePosition03</position><position>headershape01</position><position>SBModulePosition00</position><position>SBModulePosition01</position><position>SBModulePosition02</position><position>SBModulePosition03</position><position>SAModulePosition00</position><position>SAModulePosition01</position><position>SAModulePosition02</position><position>SAModulePosition03</position><position>MBModulePosition00</position><position>MBModulePosition01</position><position>MBModulePosition02</position><position>MBModulePosition03</position><position>MAModulePosition00</position><position>MAModulePosition01</position><position>MAModulePosition02</position><position>MAModulePosition03</position><position>CAModulePosition00</position><position>CAModulePosition01</position><position>CAModulePosition02</position><position>CAModulePosition03</position><position>CBModulePosition00</position><position>CBModulePosition01</position><position>CBModulePosition02</position><position>CBModulePosition03</position><position>Menu</position><position>FAModulePosition00</position><position>FAModulePosition01</position><position>FAModulePosition02</position><position>FAModulePosition03</position><position>FBModulePosition00</position><position>FBModulePosition01</position><position>FBModulePosition02</position><position>FBModulePosition03</position><position>LeftFooterArea</position><position>CenterFooterArea</position><position>RightFooterArea</position></positions><params><param name="show_effects" type="radio" default="1" label="Show mootools effects" description="Enable/Disable the use of rich javascript effect on the site"><option value="0">No</option><option value="1">Yes</option></param><param name="modules_start" type="list" default="open" label="Modules State" description="When effect enabled choose if the modules slides should start open or closed"><option value="open">Open</option><option value="close">Close</option></param></params><config><fields name="params"><fieldset name="header" label="Header Options"><field name="header_background" type="media" label="Change Header Background Image" description="Change Header background Image" /><field name="header_horizontal_alignment" type="list" default="Center" label="Horizontal Alignment"><option value="Left">Left</option><option value="Center">Center</option><option value="Right">Right</option></field><field name="header_vertical_alignment" type="list" default="Center" label="Vertical Alignment"><option value="Top">Top</option><option value="Center">Center</option><option value="Bottom">Bottom</option></field><field name="header_stretch" type="list" default="header_stretch" label="Stretch"><option value="Fill">Fill</option><option value="Uniform">Uniform</option><option value="Uniformtofill">Uniform to fill</option></field><field name="enable_site_Title" type="radio" class="btn-group btn-group-yesno" default="0" label="Display Site Title" description="Display Site Title"><option value="1">Show</option><option value="0">Hide</option></field><field name="Site_Title" type="text" default="Website Title" label="Site Title" description="Change Site Title" /><field name="Site_Title_FontSize" type="text" default="28" label="Site Title Font Size" description="Change Site Title Font Size" /><field name="Site_Title_Heading_Tag" type="headertag" default="h1" label="Heading Tag For Title" description="Change Site Title Heading Tag" /><field name="enable_site_slogan" type="radio" class="btn-group btn-group-yesno" default="0" label="Display Site Slogan" description="Turn On/Off the Site Slogan"><option value="1">Show</option><option value="0">Hide</option></field><field name="Site_Slogan" type="text" default="Website Slogan" label="Site Slogan" description="Change Site Slogan" /><field name="Site_Slogan_FontSize" type="text" default="16" label="Site Slogan Font Size" description="Change Site Slogan Font Size" /><field name="Site_Slogan_Heading_Tag" type="headertag" default="span" label="Heading Tag For Slogan" description="Change Site Slogan Heading Tag" /><field name="enable_site_logo" type="radio" class="btn-group btn-group-yesno" default="1" label="Display Site Logo" description="Show/Hide the Site Logo"><option value="1">Show</option><option value="0">Hide</option></field><field name="enable_site_logo_link" type="radio" class="btn-group btn-group-yesno" default="1" label="Display Site Logo Link" description="Show/Hide the Site Logo Link"><option value="1">Show</option><option value="0">Hide</option></field><field name="site_logo_Image" type="media" label="Header Logo" description="Change Header Logo" /><field name="site_logo_navigation" type="text" label="Change header logo Navigation" description="Change Header Logo navigation link" default="http://www.templatetoaster.com" /></fieldset><fieldset name="Slideshow" label="Slideshow Options"><field name="slideshow_image_0" type="media" label="Slideshow Image 1" description="change Slideshow Image" /><field name="slideshow_image_1" type="media" label="Slideshow Image 2" description="change Slideshow Image" /><field name="slideshow_image_2" type="media" label="Slideshow Image 3" description="change Slideshow Image" /><field name="enable_slide" type="radio" default="1" label="Show Slideshow" description="show/hide slideshow"><option value="0">Only On Home Page</option><option value="1">On Every Page</option></field></fieldset><fieldset name="footer" label="Footer Options"><field name="enable_facebook_icon" type="radio" class="btn-group btn-group-yesno" default="1" label="Display Facebook Icon" description="Show/Hide Facebook Icon"><option value="1">Show</option><option value="0">Hide</option></field><field name="facebook_icon_Image" type="media" label="Facebook Icon" description="Change Facebook Icon" /><field name="facebook_Url" type="textarea" default="http://www.facebook.com/TemplateToaster" label="Facebook Icon Url" description="Change Facebook Url" /><field name="enable_GooglePlus_icon" type="radio" class="btn-group btn-group-yesno" default="1" label="Display GooglePlus Icon" description="Show/Hide GooglePlus Icon"><option value="1">Show</option><option value="0">Hide</option></field><field name="GooglePlus_icon_Image" type="media" label="GooglePlus Icon" description="Change GooglePlus Icon" /><field name="googleplus_Url" type="textarea" default="http://www.templatetoaster.com" label="GooglePlus Icon Url" description="Change GooglePlus Url" /><field name="enable_Twitter_icon" type="radio" class="btn-group btn-group-yesno" default="1" label="Display Twitter Icon" description="Show/Hide Twitter Icon"><option value="1">Show</option><option value="0">Hide</option></field><field name="Twitter_icon_Image" type="media" label="Twitter Icon" description="Change Twitter Icon" /><field name="twitter_Url" type="textarea" default="http://twitter.com/templatetoaster" label="Twitter Icon Url" description="Change Twitter Url" /><field name="enable_Designed_By" type="radio" class="btn-group btn-group-yesno" default="1" label="Display Footer Designed By" description="Display Footer Designed By"><option value="1">Show</option><option value="0">Hide</option></field><field name="Designed_By" type="textarea" default="http://templatetoaster.com" label="Footer Designed By Url" description="Change Footer Designed By Url" /><field name="Designed_By_Link_FontSize" type="text" default="13" label="Footer Designed By Link Font Size" description="Change Designed By Link Font Size" /><field name="Designed_By_FontSize" type="text" default="13" label="Footer Designed By Font Size" description="Change Designed By Font Size" /></fieldset><fieldset name="coloroptions" label="Color Options"><field name="footer_designed_by_color" type="color" default="#FFFFFF" label="Footer Designed By Color" description="Change The Color of 'Footer Designed By' Text" /><field name="footer_designed_by_link_color" type="color" default="#FF6F05" label="Footer Designed By Link Color" description="Change The Color Of Footer Designed By Link" /></fieldset><fieldset name="SideBar" label="Sidebar Options"><field name="sidebar_menu_font_size" type="text" default="14" label="Sidebar Menu Heading Font Size" description="Change Sidebar Menu Heading Font Size" /><field name="sidebar_menu_heading_tag" type="headertag" default="h3" label="Sidebar Menu Heading Tag" description="Change Sidebar Menu Heading Tag" /><field name="block_heading_font_size" type="text" default="14" label="Block Heading Font Size" description="Change Block Heading Font Size" /><field name="heading_tag_block" type="headertag" default="h3" label="Heading Tag for Block Heading" description="Change Heading Tag for Block Heading" /></fieldset><fieldset name="style_options" label="Style Options"><field name="custom_css" type="textarea" default="" label="Custom Css" description="Add Custom Css" /><field name="enable_read_more_button" type="radio" class="btn-group btn-group-yesno" default="1" label="Display Read More Button" description="Show/Hide Read More Button"><option value="1">Show</option><option value="0">Hide</option></field><field name="mbmoduleposition00" type="list" default="block" label="MBModulePosition00 Position Style"><option value="block">TT Default</option><option value="none">None</option></field><field name="mbmoduleposition01" type="list" default="block" label="MBModulePosition01 Position Style"><option value="block">TT Default</option><option value="none">None</option></field><field name="mbmoduleposition02" type="list" default="block" label="MBModulePosition02 Position Style"><option value="block">TT Default</option><option value="none">None</option></field><field name="mbmoduleposition03" type="list" default="block" label="MBModulePosition03 Position Style"><option value="block">TT Default</option><option value="none">None</option></field><field name="mamoduleposition00" type="list" default="block" label="MAModulePosition00 Position Style"><option value="block">TT Default</option><option value="none">None</option></field><field name="mamoduleposition01" type="list" default="block" label="MAModulePosition01 Position Style"><option value="block">TT Default</option><option value="none">None</option></field><field name="mamoduleposition02" type="list" default="block" label="MAModulePosition02 Position Style"><option value="block">TT Default</option><option value="none">None</option></field><field name="mamoduleposition03" type="list" default="block" label="MAModulePosition03 Position Style"><option value="block">TT Default</option><option value="none">None</option></field><field name="hbmoduleposition00" type="list" default="block" label="HBModulePosition00 Position Style"><option value="block">TT Default</option><option value="none">None</option></field><field name="hbmoduleposition01" type="list" default="block" label="HBModulePosition01 Position Style"><option value="block">TT Default</option><option value="none">None</option></field><field name="hbmoduleposition02" type="list" default="block" label="HBModulePosition02 Position Style"><option value="block">TT Default</option><option value="none">None</option></field><field name="hbmoduleposition03" type="list" default="block" label="HBModulePosition03 Position Style"><option value="block">TT Default</option><option value="none">None</option></field><field name="hamoduleposition00" type="list" default="block" label="HAModulePosition00 Position Style"><option value="block">TT Default</option><option value="none">None</option></field><field name="hamoduleposition01" type="list" default="block" label="HAModulePosition01 Position Style"><option value="block">TT Default</option><option value="none">None</option></field><field name="hamoduleposition02" type="list" default="block" label="HAModulePosition02 Position Style"><option value="block">TT Default</option><option value="none">None</option></field><field name="hamoduleposition03" type="list" default="block" label="HAModulePosition03 Position Style"><option value="block">TT Default</option><option value="none">None</option></field><field name="sbmoduleposition00" type="list" default="block" label="SBModulePosition00 Position Style"><option value="block">TT Default</option><option value="none">None</option></field><field name="sbmoduleposition01" type="list" default="block" label="SBModulePosition01 Position Style"><option value="block">TT Default</option><option value="none">None</option></field><field name="sbmoduleposition02" type="list" default="block" label="SBModulePosition02 Position Style"><option value="block">TT Default</option><option value="none">None</option></field><field name="sbmoduleposition03" type="list" default="block" label="SBModulePosition03 Position Style"><option value="block">TT Default</option><option value="none">None</option></field><field name="samoduleposition00" type="list" default="block" label="SAModulePosition00 Position Style"><option value="block">TT Default</option><option value="none">None</option></field><field name="samoduleposition01" type="list" default="block" label="SAModulePosition01 Position Style"><option value="block">TT Default</option><option value="none">None</option></field><field name="samoduleposition02" type="list" default="block" label="SAModulePosition02 Position Style"><option value="block">TT Default</option><option value="none">None</option></field><field name="samoduleposition03" type="list" default="block" label="SAModulePosition03 Position Style"><option value="block">TT Default</option><option value="none">None</option></field><field name="camoduleposition00" type="list" default="block" label="CAModulePosition00 Position Style"><option value="block">TT Default</option><option value="none">None</option></field><field name="camoduleposition01" type="list" default="block" label="CAModulePosition01 Position Style"><option value="block">TT Default</option><option value="none">None</option></field><field name="camoduleposition02" type="list" default="block" label="CAModulePosition02 Position Style"><option value="block">TT Default</option><option value="none">None</option></field><field name="camoduleposition03" type="list" default="block" label="CAModulePosition03 Position Style"><option value="block">TT Default</option><option value="none">None</option></field><field name="cbmoduleposition00" type="list" default="block" label="CBModulePosition00 Position Style"><option value="block">TT Default</option><option value="none">None</option></field><field name="cbmoduleposition01" type="list" default="block" label="CBModulePosition01 Position Style"><option value="block">TT Default</option><option value="none">None</option></field><field name="cbmoduleposition02" type="list" default="block" label="CBModulePosition02 Position Style"><option value="block">TT Default</option><option value="none">None</option></field><field name="cbmoduleposition03" type="list" default="block" label="CBModulePosition03 Position Style"><option value="block">TT Default</option><option value="none">None</option></field><field name="menu" type="list" default="block" label="Menu Position Style"><option value="block">TT Default</option><option value="none">None</option></field><field name="famoduleposition00" type="list" default="block" label="FAModulePosition00 Position Style"><option value="block">TT Default</option><option value="none">None</option></field><field name="famoduleposition01" type="list" default="block" label="FAModulePosition01 Position Style"><option value="block">TT Default</option><option value="none">None</option></field><field name="famoduleposition02" type="list" default="block" label="FAModulePosition02 Position Style"><option value="block">TT Default</option><option value="none">None</option></field><field name="famoduleposition03" type="list" default="block" label="FAModulePosition03 Position Style"><option value="block">TT Default</option><option value="none">None</option></field><field name="fbmoduleposition00" type="list" default="block" label="FBModulePosition00 Position Style"><option value="block">TT Default</option><option value="none">None</option></field><field name="fbmoduleposition01" type="list" default="block" label="FBModulePosition01 Position Style"><option value="block">TT Default</option><option value="none">None</option></field><field name="fbmoduleposition02" type="list" default="block" label="FBModulePosition02 Position Style"><option value="block">TT Default</option><option value="none">None</option></field><field name="fbmoduleposition03" type="list" default="block" label="FBModulePosition03 Position Style"><option value="block">TT Default</option><option value="none">None</option></field><field name="leftfooterarea" type="list" default="block" label="LeftFooterArea Position Style"><option value="block">TT Default</option><option value="none">None</option></field><field name="centerfooterarea" type="list" default="block" label="CenterFooterArea Position Style"><option value="block">TT Default</option><option value="none">None</option></field><field name="rightfooterarea" type="list" default="block" label="RightFooterArea Position Style"><option value="block">TT Default</option><option value="none">None</option></field><field name="debug" type="list" default="block" label="Debug Position Style"><option value="block">TT Default</option><option value="none">None</option></field></fieldset><fieldset name="menu_style_options" label="Menu Style Options"><field name="enable_click_on_menu" type="hidden" default="h_menu_hover" label="Enable menu"><option value="h_menu_click">Click</option><option value="h_menu_hover">Hover</option></field><field name="enable_click_on_sidebar_menu" type="hidden" default="v_menu_hover" label="Enable  vertical menu"><option value="v_menu_click">Click</option><option value="v_menu_hover">Hover</option></field><field name="mbmoduleposition00ms" type="list" default="h_menu" label="MBModulePosition00 Menu Style"><option value="h_menu">Horizontal</option><option value="v_menu">Vertical</option></field><field name="mbmoduleposition01ms" type="list" default="h_menu" label="MBModulePosition01 Menu Style"><option value="h_menu">Horizontal</option><option value="v_menu">Vertical</option></field><field name="mbmoduleposition02ms" type="list" default="h_menu" label="MBModulePosition02 Menu Style"><option value="h_menu">Horizontal</option><option value="v_menu">Vertical</option></field><field name="mbmoduleposition03ms" type="list" default="h_menu" label="MBModulePosition03 Menu Style"><option value="h_menu">Horizontal</option><option value="v_menu">Vertical</option></field><field name="mamoduleposition00ms" type="list" default="h_menu" label="MAModulePosition00 Menu Style"><option value="h_menu">Horizontal</option><option value="v_menu">Vertical</option></field><field name="mamoduleposition01ms" type="list" default="h_menu" label="MAModulePosition01 Menu Style"><option value="h_menu">Horizontal</option><option value="v_menu">Vertical</option></field><field name="mamoduleposition02ms" type="list" default="h_menu" label="MAModulePosition02 Menu Style"><option value="h_menu">Horizontal</option><option value="v_menu">Vertical</option></field><field name="mamoduleposition03ms" type="list" default="h_menu" label="MAModulePosition03 Menu Style"><option value="h_menu">Horizontal</option><option value="v_menu">Vertical</option></field><field name="hbmoduleposition00ms" type="list" default="h_menu" label="HBModulePosition00 Menu Style"><option value="h_menu">Horizontal</option><option value="v_menu">Vertical</option></field><field name="hbmoduleposition01ms" type="list" default="h_menu" label="HBModulePosition01 Menu Style"><option value="h_menu">Horizontal</option><option value="v_menu">Vertical</option></field><field name="hbmoduleposition02ms" type="list" default="h_menu" label="HBModulePosition02 Menu Style"><option value="h_menu">Horizontal</option><option value="v_menu">Vertical</option></field><field name="hbmoduleposition03ms" type="list" default="h_menu" label="HBModulePosition03 Menu Style"><option value="h_menu">Horizontal</option><option value="v_menu">Vertical</option></field><field name="hamoduleposition00ms" type="list" default="h_menu" label="HAModulePosition00 Menu Style"><option value="h_menu">Horizontal</option><option value="v_menu">Vertical</option></field><field name="hamoduleposition01ms" type="list" default="h_menu" label="HAModulePosition01 Menu Style"><option value="h_menu">Horizontal</option><option value="v_menu">Vertical</option></field><field name="hamoduleposition02ms" type="list" default="h_menu" label="HAModulePosition02 Menu Style"><option value="h_menu">Horizontal</option><option value="v_menu">Vertical</option></field><field name="hamoduleposition03ms" type="list" default="h_menu" label="HAModulePosition03 Menu Style"><option value="h_menu">Horizontal</option><option value="v_menu">Vertical</option></field><field name="sbmoduleposition00ms" type="list" default="h_menu" label="SBModulePosition00 Menu Style"><option value="h_menu">Horizontal</option><option value="v_menu">Vertical</option></field><field name="sbmoduleposition01ms" type="list" default="h_menu" label="SBModulePosition01 Menu Style"><option value="h_menu">Horizontal</option><option value="v_menu">Vertical</option></field><field name="sbmoduleposition02ms" type="list" default="h_menu" label="SBModulePosition02 Menu Style"><option value="h_menu">Horizontal</option><option value="v_menu">Vertical</option></field><field name="sbmoduleposition03ms" type="list" default="h_menu" label="SBModulePosition03 Menu Style"><option value="h_menu">Horizontal</option><option value="v_menu">Vertical</option></field><field name="samoduleposition00ms" type="list" default="h_menu" label="SAModulePosition00 Menu Style"><option value="h_menu">Horizontal</option><option value="v_menu">Vertical</option></field><field name="samoduleposition01ms" type="list" default="h_menu" label="SAModulePosition01 Menu Style"><option value="h_menu">Horizontal</option><option value="v_menu">Vertical</option></field><field name="samoduleposition02ms" type="list" default="h_menu" label="SAModulePosition02 Menu Style"><option value="h_menu">Horizontal</option><option value="v_menu">Vertical</option></field><field name="samoduleposition03ms" type="list" default="h_menu" label="SAModulePosition03 Menu Style"><option value="h_menu">Horizontal</option><option value="v_menu">Vertical</option></field><field name="camoduleposition00ms" type="list" default="h_menu" label="CAModulePosition00 Menu Style"><option value="h_menu">Horizontal</option><option value="v_menu">Vertical</option></field><field name="camoduleposition01ms" type="list" default="h_menu" label="CAModulePosition01 Menu Style"><option value="h_menu">Horizontal</option><option value="v_menu">Vertical</option></field><field name="camoduleposition02ms" type="list" default="h_menu" label="CAModulePosition02 Menu Style"><option value="h_menu">Horizontal</option><option value="v_menu">Vertical</option></field><field name="camoduleposition03ms" type="list" default="h_menu" label="CAModulePosition03 Menu Style"><option value="h_menu">Horizontal</option><option value="v_menu">Vertical</option></field><field name="cbmoduleposition00ms" type="list" default="h_menu" label="CBModulePosition00 Menu Style"><option value="h_menu">Horizontal</option><option value="v_menu">Vertical</option></field><field name="cbmoduleposition01ms" type="list" default="h_menu" label="CBModulePosition01 Menu Style"><option value="h_menu">Horizontal</option><option value="v_menu">Vertical</option></field><field name="cbmoduleposition02ms" type="list" default="h_menu" label="CBModulePosition02 Menu Style"><option value="h_menu">Horizontal</option><option value="v_menu">Vertical</option></field><field name="cbmoduleposition03ms" type="list" default="h_menu" label="CBModulePosition03 Menu Style"><option value="h_menu">Horizontal</option><option value="v_menu">Vertical</option></field><field name="menums" type="list" default="h_menu" label="Menu Position Menu Style"><option value="h_menu">Horizontal</option><option value="v_menu">Vertical</option></field><field name="famoduleposition00ms" type="list" default="h_menu" label="FAModulePosition00 Menu Style"><option value="h_menu">Horizontal</option><option value="v_menu">Vertical</option></field><field name="famoduleposition01ms" type="list" default="h_menu" label="FAModulePosition01 Menu Style"><option value="h_menu">Horizontal</option><option value="v_menu">Vertical</option></field><field name="famoduleposition02ms" type="list" default="h_menu" label="FAModulePosition02 Menu Style"><option value="h_menu">Horizontal</option><option value="v_menu">Vertical</option></field><field name="famoduleposition03ms" type="list" default="h_menu" label="FAModulePosition03 Menu Style"><option value="h_menu">Horizontal</option><option value="v_menu">Vertical</option></field><field name="fbmoduleposition00ms" type="list" default="h_menu" label="FBModulePosition00 Menu Style"><option value="h_menu">Horizontal</option><option value="v_menu">Vertical</option></field><field name="fbmoduleposition01ms" type="list" default="h_menu" label="FBModulePosition01 Menu Style"><option value="h_menu">Horizontal</option><option value="v_menu">Vertical</option></field><field name="fbmoduleposition02ms" type="list" default="h_menu" label="FBModulePosition02 Menu Style"><option value="h_menu">Horizontal</option><option value="v_menu">Vertical</option></field><field name="fbmoduleposition03ms" type="list" default="h_menu" label="FBModulePosition03 Menu Style"><option value="h_menu">Horizontal</option><option value="v_menu">Vertical</option></field><field name="leftfooterareams" type="list" default="h_menu" label="LeftFooterArea Menu Style"><option value="h_menu">Horizontal</option><option value="v_menu">Vertical</option></field><field name="centerfooterareams" type="list" default="h_menu" label="CenterFooterArea Menu Style"><option value="h_menu">Horizontal</option><option value="v_menu">Vertical</option></field><field name="rightfooterareams" type="list" default="h_menu" label="RightFooterArea Menu Style"><option value="h_menu">Horizontal</option><option value="v_menu">Vertical</option></field></fieldset></fields></config></extension>