﻿<?xml version="1.0" encoding="utf-8"?>
<sitecontent>
  <menu>
    <menu_item>
      <menu_item_title>Home</menu_item_title>
      <menu_item_path>home</menu_item_path>
      <menu_item_id>home</menu_item_id>
      <menu_item_articlename>Home</menu_item_articlename>
      <menu_item_articletype>article</menu_item_articletype>
      <menu_item_slug>home</menu_item_slug>
      <menu_item_status>1</menu_item_status>
    </menu_item>
    <menu_item>
      <menu_item_title>About Us</menu_item_title>
      <menu_item_path>about us</menu_item_path>
      <menu_item_id>About Us</menu_item_id>
      <menu_item_articlename>About Us</menu_item_articlename>
      <menu_item_articletype>article</menu_item_articletype>
      <menu_item_slug>about-us</menu_item_slug>
      <menu_item_status>1</menu_item_status>
    </menu_item>
    <menu_item>
      <menu_item_title>Tours</menu_item_title>
      <menu_item_path>tours</menu_item_path>
      <menu_item_id>tours</menu_item_id>
      <menu_item_articlename>Tours</menu_item_articlename>
      <menu_item_articletype>article</menu_item_articletype>
      <menu_item_slug>tours</menu_item_slug>
      <menu_item_status>1</menu_item_status>
    </menu_item>
    <menu_item>
      <menu_item_title>Contact</menu_item_title>
      <menu_item_path>contact</menu_item_path>
      <menu_item_id>Contact</menu_item_id>
      <menu_item_articlename>Contact</menu_item_articlename>
      <menu_item_articletype>article</menu_item_articletype>
      <menu_item_slug>contact</menu_item_slug>
      <menu_item_status>1</menu_item_status>
    </menu_item>
    <menu_item>
      <menu_item_title>Blog</menu_item_title>
      <menu_item_path>blog</menu_item_path>
      <menu_item_id>Blog</menu_item_id>
      <menu_item_articlename>Blog</menu_item_articlename>
      <menu_item_articletype>category</menu_item_articletype>
      <menu_item_slug>blog</menu_item_slug>
      <menu_item_status>1</menu_item_status>
    </menu_item>
  </menu>
  <pages>
    <content>
      <meta_ID>tt_page1</meta_ID>
      <page_title>Home</page_title>
      <alias>home</alias>
      <page_header_id>home</page_header_id>
      <state>1</state>
      <featured>1</featured>
      <created>07/26/2019 00:00:00</created>
      <created_by_alias>SuperUser</created_by_alias>
      <page_title_visibility>false</page_title_visibility>
      <introtext><![CDATA[<div class="ttr_home_html_row0 row" >
<div class="post_column col-xl-8 col-lg-8 col-md-11 col-sm-12 col-xs-12 col-12">
<div class="ttr_home_html_column00">
<div style="height:0px;width:0px;overflow:hidden;-webkit-margin-top-collapse: separate;"></div>
<div class="html_content"><h2><span style="font-weight:700;font-size:1.714em;color:rgba(0,0,0,1);">The best place you must to visit</span></h2><h2 style="line-height:26.2px;"><span style="font-size:0.536em;color:rgba(52,52,52,1);">Lorem ipsum dolor sit amet test link adipiscing elit. Nullam dignissim convallis est quisque aliquam donec faucibus. Nunc iaculis suscipit dui nam sit amet sem aliquam libero.</span></h2></div>
<div style="height:0px;width:0px;overflow:hidden;-webkit-margin-top-collapse: separate;"></div>
<div style="clear:both;width:0px;"></div>
</div>
</div>
<div class=" visible-sm-block d-sm-block visible-xs-block d-block" style="clear: both;width:0px;"></div>
<div class="post_column col-xl-4 col-lg-4 col-md-1 col-sm-12 col-xs-12 col-12">
<div class="ttr_home_html_column01">
<div style="height:0px;width:0px;overflow:hidden;-webkit-margin-top-collapse: separate;"></div>
<div class="html_content"> </div>
<div style="height:0px;width:0px;overflow:hidden;-webkit-margin-top-collapse: separate;"></div>
<div style="clear:both;width:0px;"></div>
</div>
</div>
<div class=" visible-lg-block d-xl-block d-lg-block visible-md-block d-md-block visible-sm-block d-sm-block visible-xs-block d-block" style="clear: both;width:0px;"></div>
<div class="post_column col-xl-3 col-lg-3 col-md-6 col-sm-12 col-xs-12 col-12">
<div class="ttr_home_html_column02">
<div style="height:0px;width:0px;overflow:hidden;-webkit-margin-top-collapse: separate;"></div>
<div class="html_content"><p style="text-align:Center;"><span class="ttr_image" style="float:none;display:block;text-align:center;overflow:hidden;margin:0px 0px 20px 0px;"><span><img class="ttr_uniform ttr_animation" style="max-height:470px;max-width:400px;" src="<?php echo $template_path; ?>/images/Bali2.jpg" alt="bali" data-animation="Magnify" data-animation-to="1.2" data-animation-dur="0.7" /></span></span><span style="font-weight:700;font-size:1.286em;color:rgba(0,0,0,1);">Bali</span></p><p style="text-align:Center;"><span style="font-weight:700;font-size:1.286em;color:rgba(255,101,1,1);">$1500</span></p></div>
<div style="height:0px;width:0px;overflow:hidden;-webkit-margin-top-collapse: separate;"></div>
<div style="clear:both;width:0px;"></div>
</div>
</div>
<div class=" visible-sm-block d-sm-block visible-xs-block d-block" style="clear: both;width:0px;"></div>
<div class="post_column col-xl-3 col-lg-3 col-md-6 col-sm-12 col-xs-12 col-12">
<div class="ttr_home_html_column03">
<div style="height:0px;width:0px;overflow:hidden;-webkit-margin-top-collapse: separate;"></div>
<div class="html_content"><p style="text-align:Center;"><span class="ttr_image" style="float:none;display:block;text-align:center;overflow:hidden;margin:0px 0px 20px 0px;"><span><img class="ttr_uniform ttr_animation" style="max-height:470px;max-width:400px;" src="<?php echo $template_path; ?>/images/Spain2.jpg" alt="spain" data-animation="Magnify" data-animation-to="1.2" data-animation-dur="0.7" /></span></span><span style="font-weight:700;font-size:1.286em;color:rgba(0,0,0,1);">Spain</span></p><p style="text-align:Center;"><span style="font-weight:700;font-size:1.286em;color:rgba(255,101,1,1);">$1200</span></p></div>
<div style="height:0px;width:0px;overflow:hidden;-webkit-margin-top-collapse: separate;"></div>
<div style="clear:both;width:0px;"></div>
</div>
</div>
<div class=" visible-md-block d-md-block visible-sm-block d-sm-block visible-xs-block d-block" style="clear: both;width:0px;"></div>
<div class="post_column col-xl-3 col-lg-3 col-md-6 col-sm-12 col-xs-12 col-12">
<div class="ttr_home_html_column04">
<div style="height:0px;width:0px;overflow:hidden;-webkit-margin-top-collapse: separate;"></div>
<div class="html_content"><p style="text-align:Center;"><span class="ttr_image" style="float:none;display:block;text-align:center;overflow:hidden;margin:0px 0px 20px 0px;"><span><img class="ttr_uniform ttr_animation" style="max-height:470px;max-width:400px;" src="<?php echo $template_path; ?>/images/hong kong2.jpg" alt="hong kong" data-animation="Magnify" data-animation-to="1.2" data-animation-dur="0.7" /></span></span><span style="font-weight:700;font-size:1.286em;color:rgba(0,0,0,1);">Hong Kong</span></p><p style="text-align:Center;"><span style="font-weight:700;font-size:1.286em;color:rgba(255,101,1,1);">$2000</span></p></div>
<div style="height:0px;width:0px;overflow:hidden;-webkit-margin-top-collapse: separate;"></div>
<div style="clear:both;width:0px;"></div>
</div>
</div>
<div class=" visible-sm-block d-sm-block visible-xs-block d-block" style="clear: both;width:0px;"></div>
<div class="post_column col-xl-3 col-lg-3 col-md-6 col-sm-12 col-xs-12 col-12">
<div class="ttr_home_html_column05">
<div style="height:0px;width:0px;overflow:hidden;-webkit-margin-top-collapse: separate;"></div>
<div class="html_content"><p style="text-align:Center;"><span class="ttr_image" style="float:Left;overflow:hidden;margin:0px 0px 20px 0px;"><span><img class="ttr_uniform ttr_animation" style="max-height:470px;max-width:400px;" src="<?php echo $template_path; ?>/images/philippines2.jpg" alt="philippines" data-animation="Magnify" data-animation-to="1.2" data-animation-dur="0.7" /></span></span><span style="font-weight:700;font-size:1.286em;color:rgba(0,0,0,1);">Philippines</span></p><p style="text-align:Center;"><span style="font-weight:700;font-size:1.286em;color:rgba(255,101,1,1);">$1800</span></p></div>
<div style="height:0px;width:0px;overflow:hidden;-webkit-margin-top-collapse: separate;"></div>
<div style="clear:both;width:0px;"></div>
</div>
</div>
<div class=" visible-lg-block d-xl-block d-lg-block visible-md-block d-md-block visible-sm-block d-sm-block visible-xs-block d-block" style="clear: both;width:0px;"></div>
<div class="post_column col-xl-12 col-lg-12 col-md-12 col-sm-12 col-xs-12 col-12">
<div class="ttr_home_html_column06">
<div style="height:0px;width:0px;overflow:hidden;-webkit-margin-top-collapse: separate;"></div>
<div class="html_content"><p style="text-align:Center;"><span><a href="http://templatetoaster.com" target="_self" class="btn btn-md btn-default">MORE TOURS</a></span></p></div>
<div style="height:0px;width:0px;overflow:hidden;-webkit-margin-top-collapse: separate;"></div>
<div style="clear:both;width:0px;"></div>
</div>
</div>
<div class=" visible-lg-block d-xl-block d-lg-block visible-md-block d-md-block visible-sm-block d-sm-block visible-xs-block d-block" style="clear: both;width:0px;"></div>
</div>
<div class="ttr_home_html_row1 row" >
<div class="post_column col-xl-12 col-lg-12 col-md-12 col-sm-12 col-xs-12 col-12">
<div class="ttr_home_html_column10">
<div style="height:0px;width:0px;overflow:hidden;-webkit-margin-top-collapse: separate;"></div>
<div class="html_content"><p style="text-align:Center;"><span style="font-weight:700;font-size:3.429em;color:rgba(0,0,0,1);">Top Travel Features</span></p></div>
<div style="height:0px;width:0px;overflow:hidden;-webkit-margin-top-collapse: separate;"></div>
<div style="clear:both;width:0px;"></div>
</div>
</div>
<div class=" visible-lg-block d-xl-block d-lg-block visible-md-block d-md-block visible-sm-block d-sm-block visible-xs-block d-block" style="clear: both;width:0px;"></div>
<div class="post_column col-xl-3 col-lg-3 col-md-6 col-sm-12 col-xs-12 col-12">
<div class="ttr_home_html_column11">
<div style="height:0px;width:0px;overflow:hidden;-webkit-margin-top-collapse: separate;"></div>
<div class="html_content"><p style="text-align:Center;"><span class="ttr_image" style="float:none;display:block;text-align:center;overflow:hidden;margin:0px 0px 20px 0px;"><span><img class="ttr_uniform" style="max-height:80px;max-width:80px;" src="<?php echo $template_path; ?>/images/Restaurants2.png" alt="icon" /></span></span><span style="font-weight:700;font-size:1.571em;color:rgba(0,0,0,1);">Restaurants</span></p><p style="margin:10px 0px 5px 0px;text-align:Center;line-height:29px;"><span style="font-size:1.071em;">Nullam dignissim convallis est quisque aliquam. Donec faucibus nunc iaculis.</span></p></div>
<div style="height:0px;width:0px;overflow:hidden;-webkit-margin-top-collapse: separate;"></div>
<div style="clear:both;width:0px;"></div>
</div>
</div>
<div class=" visible-sm-block d-sm-block visible-xs-block d-block" style="clear: both;width:0px;"></div>
<div class="post_column col-xl-3 col-lg-3 col-md-6 col-sm-12 col-xs-12 col-12">
<div class="ttr_home_html_column12">
<div style="height:0px;width:0px;overflow:hidden;-webkit-margin-top-collapse: separate;"></div>
<div class="html_content"><p style="margin:5px 0px 5px 0px;text-align:Center;line-height:22px;font-family:'Open Sans','Arial';color:rgba(51,51,51,1);"><span class="ttr_image" style="float:none;display:block;text-align:center;overflow:hidden;margin:0px 0px 20px 0px;"><span><img class="ttr_uniform" style="max-height:80px;max-width:80px;" src="<?php echo $template_path; ?>/images/Traveling2.png" alt="icon" /></span></span><span style="font-weight:700;font-size:1.571em;color:rgba(0,0,0,1);">Traveling</span></p><p style="margin:10px 0px 5px 0px;text-align:Center;line-height:29px;font-family:'Open Sans','Arial';color:rgba(51,51,51,1);"><span style="font-size:1.071em;">Nullam dignissim convallis est quisque aliquam. Donec faucibus nunc iaculis.</span></p></div>
<div style="height:0px;width:0px;overflow:hidden;-webkit-margin-top-collapse: separate;"></div>
<div style="clear:both;width:0px;"></div>
</div>
</div>
<div class=" visible-md-block d-md-block visible-sm-block d-sm-block visible-xs-block d-block" style="clear: both;width:0px;"></div>
<div class="post_column col-xl-3 col-lg-3 col-md-6 col-sm-12 col-xs-12 col-12">
<div class="ttr_home_html_column13">
<div style="height:0px;width:0px;overflow:hidden;-webkit-margin-top-collapse: separate;"></div>
<div class="html_content"><p style="margin:5px 0px 5px 0px;text-align:Center;line-height:22px;font-family:'Open Sans','Arial';color:rgba(51,51,51,1);"><span class="ttr_image" style="float:none;display:block;text-align:center;overflow:hidden;margin:0px 0px 20px 0px;"><span><img class="ttr_uniform" style="max-height:80px;max-width:80px;" src="<?php echo $template_path; ?>/images/Tourists2.png" alt="Tourists" /></span></span><span style="font-weight:700;font-size:1.571em;color:rgba(0,0,0,1);">Tourists</span></p><p style="margin:10px 0px 5px 0px;text-align:Center;line-height:29px;font-family:'Open Sans','Arial';color:rgba(51,51,51,1);"><span style="font-size:1.071em;">Nullam dignissim convallis est quisque aliquam. Donec faucibus nunc iaculis.</span></p></div>
<div style="height:0px;width:0px;overflow:hidden;-webkit-margin-top-collapse: separate;"></div>
<div style="clear:both;width:0px;"></div>
</div>
</div>
<div class=" visible-sm-block d-sm-block visible-xs-block d-block" style="clear: both;width:0px;"></div>
<div class="post_column col-xl-3 col-lg-3 col-md-6 col-sm-12 col-xs-12 col-12">
<div class="ttr_home_html_column14">
<div style="height:0px;width:0px;overflow:hidden;-webkit-margin-top-collapse: separate;"></div>
<div class="html_content"><p style="margin:5px 0px 5px 0px;text-align:Center;line-height:22px;font-family:'Open Sans','Arial';color:rgba(51,51,51,1);"><span class="ttr_image" style="float:none;display:block;text-align:center;overflow:hidden;margin:0px 0px 20px 0px;"><span><img class="ttr_uniform" style="max-height:80px;max-width:80px;" src="<?php echo $template_path; ?>/images/Destination2.png" alt="Destination" /></span></span><span style="font-weight:700;font-size:1.571em;color:rgba(0,0,0,1);">Destination</span></p><p style="margin:10px 0px 5px 0px;text-align:Center;line-height:29px;font-family:'Open Sans','Arial';color:rgba(51,51,51,1);"><span style="font-size:1.071em;">Nullam dignissim convallis est quisque aliquam. Donec faucibus nunc iaculis.</span></p></div>
<div style="height:0px;width:0px;overflow:hidden;-webkit-margin-top-collapse: separate;"></div>
<div style="clear:both;width:0px;"></div>
</div>
</div>
<div class=" visible-lg-block d-xl-block d-lg-block visible-md-block d-md-block visible-sm-block d-sm-block visible-xs-block d-block" style="clear: both;width:0px;"></div>
</div>
<div class="ttr_home_html_row2 row" >
<div class="post_column col-xl-6 col-lg-6 col-md-6 col-sm-12 col-xs-12 col-12">
<div class="ttr_home_html_column20">
<div style="height:0px;width:0px;overflow:hidden;-webkit-margin-top-collapse: separate;"></div>
<div class="html_content"><p><span class="ttr_image" style="float:none;display:block;text-align:center;overflow:hidden;margin:0px 0px 0px 0px;"><span><img class="ttr_uniform" style="max-height:700px;max-width:876px;margin:0px 0px 0px 0px;" src="<?php echo $template_path; ?>/images/booking tours.jpg" alt="booking tours" /></span></span></p></div>
<div style="height:0px;width:0px;overflow:hidden;-webkit-margin-top-collapse: separate;"></div>
<div style="clear:both;width:0px;"></div>
</div>
</div>
<div class=" visible-sm-block d-sm-block visible-xs-block d-block" style="clear: both;width:0px;"></div>
<div class="post_column col-xl-6 col-lg-6 col-md-6 col-sm-12 col-xs-12 col-12">
<div class="ttr_home_html_column21">
<div style="height:0px;width:0px;overflow:hidden;-webkit-margin-top-collapse: separate;"></div>
<div class="html_content"><h2 style="line-height:56.2px;"><span style="font-weight:700;font-size:1.429em;color:rgba(255,255,255,1);">Booking tours with our agency made easy</span></h2><p><br style="color:rgba(255,255,255,1);" /></p><p style="line-height:30px;"><span style="font-size:1.143em;color:rgba(255,255,255,1);">Lorem ipsum dolor sit amet, test link adipiscing elit.Nullam dignissim convallis est.Quisque aliquam. Donec faucibus. Nunc iaculis suscipit dui.Nam sit amet sem. Aliquam libero nisi, imperdiet at, tincidunt nec, gravida vehicula, nisl.Praesent mattis, massa quis luctus fermentum.</span></p><p style="margin:20px 0px 5px 0px;line-height:30px;"><span><a href="http://templatetoaster.com" target="_self" class="btn btn-md btn-primary">BOOK TOUR</a></span></p></div>
<div style="height:0px;width:0px;overflow:hidden;-webkit-margin-top-collapse: separate;"></div>
<div style="clear:both;width:0px;"></div>
</div>
</div>
<div class=" visible-lg-block d-xl-block d-lg-block visible-md-block d-md-block visible-sm-block d-sm-block visible-xs-block d-block" style="clear: both;width:0px;"></div>
</div>
<div class="ttr_home_html_row3 row" >
<div class="post_column col-xl-12 col-lg-12 col-md-12 col-sm-12 col-xs-12 col-12">
<div class="ttr_home_html_column30">
<div style="height:0px;width:0px;overflow:hidden;-webkit-margin-top-collapse: separate;"></div>
<div class="html_content"><p style="text-align:Center;"><span style="font-weight:700;font-size:3.429em;color:rgba(255,255,255,1);">Our Customer says</span></p></div>
<div style="height:0px;width:0px;overflow:hidden;-webkit-margin-top-collapse: separate;"></div>
<div style="clear:both;width:0px;"></div>
</div>
</div>
<div class=" visible-lg-block d-xl-block d-lg-block visible-md-block d-md-block visible-sm-block d-sm-block visible-xs-block d-block" style="clear: both;width:0px;"></div>
<div class="post_column col-xl-6 col-lg-6 col-md-6 col-sm-12 col-xs-12 col-12">
<div class="ttr_home_html_column31">
<div style="height:0px;width:0px;overflow:hidden;-webkit-margin-top-collapse: separate;"></div>
<div class="html_content"><p style="margin:0px 0px 10px 0px;text-align:Center;"><span class="ttr_image" style="float:none;display:block;text-align:center;overflow:hidden;margin:0px 0px 20px 0px;"><span><img class="ttr_uniform" style="max-height:98px;max-width:98px;" src="<?php echo $template_path; ?>/images/Testimonial22.png" alt="Testimonial" /></span></span><span style="font-weight:700;font-size:1.143em;">Emily Peterson</span></p><p style="margin:10px 0px 5px 0px;text-align:Center;line-height:27.6px;">Lorem ipsum dolor sit amet, test link adipiscing elit.Nullam dignissim convallis est.Quisque aliquam. Donec faucibus. Nunc iaculis suscipit dui.Nam sit amet sem.</p></div>
<div style="height:0px;width:0px;overflow:hidden;-webkit-margin-top-collapse: separate;"></div>
<div style="clear:both;width:0px;"></div>
</div>
</div>
<div class=" visible-sm-block d-sm-block visible-xs-block d-block" style="clear: both;width:0px;"></div>
<div class="post_column col-xl-6 col-lg-6 col-md-6 col-sm-12 col-xs-12 col-12">
<div class="ttr_home_html_column32">
<div style="height:0px;width:0px;overflow:hidden;-webkit-margin-top-collapse: separate;"></div>
<div class="html_content"><p style="margin:0px 0px 10px 0px;text-align:Center;line-height:22px;font-family:'Open Sans','Arial';color:rgba(51,51,51,1);"><span class="ttr_image" style="float:none;display:block;text-align:center;overflow:hidden;margin:0px 0px 20px 0px;"><span><img class="ttr_uniform" style="max-height:98px;max-width:98px;" src="<?php echo $template_path; ?>/images/Testimonial3.png" alt="testimonial" /></span></span><span style="font-weight:700;font-size:1.143em;">Sarah Doe</span></p><p style="margin:10px 0px 5px 0px;text-align:Center;line-height:27.6px;font-family:'Open Sans','Arial';color:rgba(51,51,51,1);">Lorem ipsum dolor sit amet, test link adipiscing elit.Nullam dignissim convallis est.Quisque aliquam. Donec faucibus. Nunc iaculis suscipit dui.Nam sit amet sem.</p></div>
<div style="height:0px;width:0px;overflow:hidden;-webkit-margin-top-collapse: separate;"></div>
<div style="clear:both;width:0px;"></div>
</div>
</div>
<div class=" visible-lg-block d-xl-block d-lg-block visible-md-block d-md-block visible-sm-block d-sm-block visible-xs-block d-block" style="clear: both;width:0px;"></div>
</div>
<div class="ttr_home_html_row4 row" >
<div class="post_column col-xl-12 col-lg-12 col-md-12 col-sm-12 col-xs-12 col-12">
<div class="ttr_home_html_column40">
<div style="height:0px;width:0px;overflow:hidden;-webkit-margin-top-collapse: separate;"></div>
<div class="html_content"><p style="text-align:Center;"><span style="font-weight:700;font-size:2.286em;color:rgba(16,16,16,1);">Contact Us</span></p><p style="text-align:Center;"><span style="font-weight:700;font-size:5.143em;color:rgba(255,101,1,1);">1800-245-1620</span></p></div>
<div style="height:0px;width:0px;overflow:hidden;-webkit-margin-top-collapse: separate;"></div>
<div style="clear:both;width:0px;"></div>
</div>
</div>
<div class=" visible-lg-block d-xl-block d-lg-block visible-md-block d-md-block visible-sm-block d-sm-block visible-xs-block d-block" style="clear: both;width:0px;"></div>
</div>
]]></introtext>
    </content>
    <content>
      <meta_ID>tt_page2</meta_ID>
      <page_title>About Us</page_title>
      <alias>about-us</alias>
      <page_header_id>about us</page_header_id>
      <state>1</state>
      <featured>1</featured>
      <created>07/26/2019 00:00:00</created>
      <created_by_alias>SuperUser</created_by_alias>
      <page_title_visibility>false</page_title_visibility>
      <introtext><![CDATA[<div class="ttr_about-us_html_row0 row" >
<div class="post_column col-xl-6 col-lg-6 col-md-6 col-sm-12 col-xs-12 col-12">
<div class="ttr_about-us_html_column00">
<div style="height:0px;width:0px;overflow:hidden;-webkit-margin-top-collapse: separate;"></div>
<div class="html_content"><p><span class="ttr_image" style="float:Left;overflow:hidden;margin:0px 0px 0px 0px;"><span><img class="ttr_uniform" style="max-height:700px;max-width:876px;margin:0px 0px 0px 0px;" src="<?php echo $template_path; ?>/images/About2.jpg" alt="about" /></span></span></p></div>
<div style="height:0px;width:0px;overflow:hidden;-webkit-margin-top-collapse: separate;"></div>
<div style="clear:both;width:0px;"></div>
</div>
</div>
<div class=" visible-sm-block d-sm-block visible-xs-block d-block" style="clear: both;width:0px;"></div>
<div class="post_column col-xl-6 col-lg-6 col-md-6 col-sm-12 col-xs-12 col-12">
<div class="ttr_about-us_html_column01">
<div style="height:0px;width:0px;overflow:hidden;-webkit-margin-top-collapse: separate;"></div>
<div class="html_content"><h2><span style="font-weight:700;font-size:1.286em;color:rgba(0,0,0,1);">About our travel agency</span></h2><p style="margin:20px 0px 5px 0px;line-height:36px;"><span style="font-size:1.143em;">Lorem ipsum dolor sit amet, test link adipiscing elit.Nullam dignissim convallis est.Quisque aliquam. Donec faucibus. Nunc iaculis suscipit dui.Nam sit amet sem. Aliquam libero nisi, imperdiet at, tincidunt nec, gravida vehicula, nisl.Praesent mattis, massa quis luctus fermentum, turpis mi volutpat justo, eu volutpat enim diam eget metus.Maecenas ornare tortor.</span></p><p style="margin:20px 0px 5px 0px;line-height:29px;"><span><a href="http://templatetoaster.com" target="_self" class="btn btn-md btn-default">BOOK TOUR</a></span></p></div>
<div style="height:0px;width:0px;overflow:hidden;-webkit-margin-top-collapse: separate;"></div>
<div style="clear:both;width:0px;"></div>
</div>
</div>
<div class=" visible-lg-block d-xl-block d-lg-block visible-md-block d-md-block visible-sm-block d-sm-block visible-xs-block d-block" style="clear: both;width:0px;"></div>
</div>
<div class="ttr_about-us_html_row1 row" >
<div class="post_column col-xl-12 col-lg-12 col-md-12 col-sm-12 col-xs-12 col-12">
<div class="ttr_about-us_html_column10">
<div style="height:0px;width:0px;overflow:hidden;-webkit-margin-top-collapse: separate;"></div>
<div class="html_content"><p style="margin:5px 0px 5px 0px;text-align:Center;line-height:22px;font-family:'Open Sans','Arial';color:rgba(51,51,51,1);"><span style="font-weight:700;font-size:3.429em;color:rgba(255,255,255,1);">Our Customer says</span></p></div>
<div style="height:0px;width:0px;overflow:hidden;-webkit-margin-top-collapse: separate;"></div>
<div style="clear:both;width:0px;"></div>
</div>
</div>
<div class=" visible-lg-block d-xl-block d-lg-block visible-md-block d-md-block visible-sm-block d-sm-block visible-xs-block d-block" style="clear: both;width:0px;"></div>
<div class="post_column col-xl-6 col-lg-6 col-md-6 col-sm-12 col-xs-12 col-12">
<div class="ttr_about-us_html_column11">
<div style="height:0px;width:0px;overflow:hidden;-webkit-margin-top-collapse: separate;"></div>
<div class="html_content"><p style="margin:0px 0px 10px 0px;text-align:Center;line-height:22px;font-family:'Open Sans','Arial';color:rgba(51,51,51,1);"><span class="ttr_image" style="float:none;display:block;text-align:center;overflow:hidden;margin:0px 0px 20px 0px;"><span><img class="ttr_uniform" style="max-height:98px;max-width:98px;" src="<?php echo $template_path; ?>/images/Testimonial2.png" alt="testimonial" /></span></span><span style="font-weight:700;font-size:1.143em;">Emily Peterson</span></p><p style="margin:10px 0px 5px 0px;text-align:Center;line-height:27.6px;font-family:'Open Sans','Arial';color:rgba(51,51,51,1);">Lorem ipsum dolor sit amet, test link adipiscing elit.Nullam dignissim convallis est.Quisque aliquam. Donec faucibus. Nunc iaculis suscipit dui.Nam sit amet sem.</p></div>
<div style="height:0px;width:0px;overflow:hidden;-webkit-margin-top-collapse: separate;"></div>
<div style="clear:both;width:0px;"></div>
</div>
</div>
<div class=" visible-sm-block d-sm-block visible-xs-block d-block" style="clear: both;width:0px;"></div>
<div class="post_column col-xl-6 col-lg-6 col-md-6 col-sm-12 col-xs-12 col-12">
<div class="ttr_about-us_html_column12">
<div style="height:0px;width:0px;overflow:hidden;-webkit-margin-top-collapse: separate;"></div>
<div class="html_content"><p style="margin:0px 0px 10px 0px;text-align:Center;line-height:22px;font-family:'Open Sans','Arial';color:rgba(51,51,51,1);"><span class="ttr_image" style="float:none;display:block;text-align:center;overflow:hidden;margin:0px 0px 20px 0px;"><span><img class="ttr_uniform" style="max-height:98px;max-width:98px;" src="<?php echo $template_path; ?>/images/Testimonial.png" alt="testimonial" /></span></span><span style="font-weight:700;font-size:1.143em;">Sarah Doe</span></p><p style="margin:10px 0px 5px 0px;text-align:Center;line-height:27.6px;font-family:'Open Sans','Arial';color:rgba(51,51,51,1);">Lorem ipsum dolor sit amet, test link adipiscing elit.Nullam dignissim convallis est.Quisque aliquam. Donec faucibus. Nunc iaculis suscipit dui.Nam sit amet sem.</p></div>
<div style="height:0px;width:0px;overflow:hidden;-webkit-margin-top-collapse: separate;"></div>
<div style="clear:both;width:0px;"></div>
</div>
</div>
<div class=" visible-lg-block d-xl-block d-lg-block visible-md-block d-md-block visible-sm-block d-sm-block visible-xs-block d-block" style="clear: both;width:0px;"></div>
</div>
<div class="ttr_about-us_html_row2 row" >
<div class="post_column col-xl-12 col-lg-12 col-md-12 col-sm-12 col-xs-12 col-12">
<div class="ttr_about-us_html_column20">
<div style="height:0px;width:0px;overflow:hidden;-webkit-margin-top-collapse: separate;"></div>
<div class="html_content"><p style="text-align:Center;"><span style="font-weight:700;font-size:3.429em;color:rgba(0,0,0,1);">Our Customer Support Team</span></p></div>
<div style="height:0px;width:0px;overflow:hidden;-webkit-margin-top-collapse: separate;"></div>
<div style="clear:both;width:0px;"></div>
</div>
</div>
<div class=" visible-lg-block d-xl-block d-lg-block visible-md-block d-md-block visible-sm-block d-sm-block visible-xs-block d-block" style="clear: both;width:0px;"></div>
<div class="post_column col-xl-3 col-lg-3 col-md-6 col-sm-12 col-xs-12 col-12">
<div class="ttr_about-us_html_column21">
<div style="height:0px;width:0px;overflow:hidden;-webkit-margin-top-collapse: separate;"></div>
<div class="html_content"><p style="text-align:Center;"><span class="ttr_image" style="float:none;display:block;text-align:center;overflow:hidden;margin:0px 0px 0px 0px;"><span><img class="ttr_uniform" style="max-height:450px;max-width:400px;margin:0px 0px 20px 0px;" src="<?php echo $template_path; ?>/images/Team1.jpg" alt="team" /></span><p style="text-align:Center;"><span style="font-weight:700;font-size:1.286em;">George</span></p></span></p></div>
<div style="height:0px;width:0px;overflow:hidden;-webkit-margin-top-collapse: separate;"></div>
<div style="clear:both;width:0px;"></div>
</div>
</div>
<div class=" visible-sm-block d-sm-block visible-xs-block d-block" style="clear: both;width:0px;"></div>
<div class="post_column col-xl-3 col-lg-3 col-md-6 col-sm-12 col-xs-12 col-12">
<div class="ttr_about-us_html_column22">
<div style="height:0px;width:0px;overflow:hidden;-webkit-margin-top-collapse: separate;"></div>
<div class="html_content"><p style="text-align:Center;"><span class="ttr_image" style="float:none;display:block;text-align:center;overflow:hidden;margin:0px 0px 0px 0px;"><span><img class="ttr_uniform" style="max-height:450px;max-width:400px;margin:0px 0px 20px 0px;" src="<?php echo $template_path; ?>/images/Team2.jpg" alt="team" /></span></span><span style="font-weight:700;font-size:1.286em;">JESSICA</span></p></div>
<div style="height:0px;width:0px;overflow:hidden;-webkit-margin-top-collapse: separate;"></div>
<div style="clear:both;width:0px;"></div>
</div>
</div>
<div class=" visible-md-block d-md-block visible-sm-block d-sm-block visible-xs-block d-block" style="clear: both;width:0px;"></div>
<div class="post_column col-xl-3 col-lg-3 col-md-6 col-sm-12 col-xs-12 col-12">
<div class="ttr_about-us_html_column23">
<div style="height:0px;width:0px;overflow:hidden;-webkit-margin-top-collapse: separate;"></div>
<div class="html_content"><p style="text-align:Center;"><span class="ttr_image" style="float:none;display:block;text-align:center;overflow:hidden;margin:0px 0px 0px 0px;"><span><img class="ttr_uniform" style="max-height:450px;max-width:400px;margin:0px 0px 20px 0px;" src="<?php echo $template_path; ?>/images/Team3.jpg" alt="team" /></span><p style="text-align:Center;"><span style="font-weight:700;font-size:1.286em;">SOPHIE</span></p></span></p></div>
<div style="height:0px;width:0px;overflow:hidden;-webkit-margin-top-collapse: separate;"></div>
<div style="clear:both;width:0px;"></div>
</div>
</div>
<div class=" visible-sm-block d-sm-block visible-xs-block d-block" style="clear: both;width:0px;"></div>
<div class="post_column col-xl-3 col-lg-3 col-md-6 col-sm-12 col-xs-12 col-12">
<div class="ttr_about-us_html_column24">
<div style="height:0px;width:0px;overflow:hidden;-webkit-margin-top-collapse: separate;"></div>
<div class="html_content"><p style="text-align:Center;"><span class="ttr_image" style="float:none;display:block;text-align:center;overflow:hidden;margin:0px 0px 0px 0px;"><span><img class="ttr_uniform" style="max-height:450px;max-width:400px;margin:0px 0px 20px 0px;" src="<?php echo $template_path; ?>/images/Team4.jpg" alt="team" /></span><p style="text-align:Center;"><span style="font-weight:700;font-size:1.286em;">Jacob</span></p></span></p></div>
<div style="height:0px;width:0px;overflow:hidden;-webkit-margin-top-collapse: separate;"></div>
<div style="clear:both;width:0px;"></div>
</div>
</div>
<div class=" visible-lg-block d-xl-block d-lg-block visible-md-block d-md-block visible-sm-block d-sm-block visible-xs-block d-block" style="clear: both;width:0px;"></div>
</div>
]]></introtext>
    </content>
    <content>
      <meta_ID>tt_page3</meta_ID>
      <page_title>Contact</page_title>
      <alias>contact</alias>
      <page_header_id>contact</page_header_id>
      <state>1</state>
      <featured>1</featured>
      <created>07/26/2019 00:00:00</created>
      <created_by_alias>SuperUser</created_by_alias>
      <page_title_visibility>false</page_title_visibility>
      <introtext><![CDATA[<div class="ttr_contact_html_row0 row" >
<div class="post_column col-xl-6 col-lg-6 col-md-6 col-sm-12 col-xs-12 col-12">
<div class="ttr_contact_html_column00">
<div style="height:0px;width:0px;overflow:hidden;-webkit-margin-top-collapse: separate;"></div>
<div class="html_content"><p><span style="font-weight:700;font-size:2.571em;color:rgba(0,0,0,1);">Please get in touch</span></p><p style="margin:20px 0px 5px 0px;line-height:29px;"><span style="font-size:1.071em;">Lorem ipsum dolor sit amet, test link adipiscing elit.Nullam dignissim convallis est.Quisque aliquam. Donec faucibus. Nunc iaculis suscipit dui.Nam sit amet sem. Aliquam libero nisi, imperdiet at, tincidunt nec, gravida vehicula, nisl.Praesent mattis, massa quis luctus fermentum, turpis mi volutpat justo, eu volutpat enim diam eget metus.</span></p></div>
<div style="height:0px;width:0px;overflow:hidden;-webkit-margin-top-collapse: separate;"></div>
<div style="clear:both;width:0px;"></div>
</div>
</div>
<div class=" visible-sm-block d-sm-block visible-xs-block d-block" style="clear: both;width:0px;"></div>
<div class="post_column col-xl-6 col-lg-6 col-md-6 col-sm-12 col-xs-12 col-12">
<div class="ttr_contact_html_column01">
<div style="height:0px;width:0px;overflow:hidden;-webkit-margin-top-collapse: separate;"></div>
<div class="html_content"><p style="margin:2px 0px 0px 0px;"><span style="font-weight:700;font-size:1.714em;color:rgba(0,0,0,1);">Address:</span></p><p style="margin:10px 0px 0px 0px;line-height:30px;"><span style="font-size:1.143em;">123 ABC Ave Street View #456 XYZ</span></p><p style="margin:2px 0px 0px 0px;line-height:30px;"><span style="font-size:1.143em;">New York City,</span></p><p style="margin:2px 0px 0px 0px;line-height:30px;"><span style="font-size:1.143em;">NY 100005, USA</span></p><p style="margin:2px 0px 0px 0px;line-height:30px;"><span style="font-weight:700;font-size:1.143em;">PHONES:</span><span style="font-size:1.143em;"> (800) 123-4567-890; (800) 123-0046-7890</span></p><p style="margin:2px 0px 0px 0px;line-height:30px;"><span style="font-weight:700;font-size:1.143em;">WE ARE OPEN:</span><span style="font-size:1.143em;"> Mon-Fri: 10 am - 8 pm</span></p></div>
<div style="height:0px;width:0px;overflow:hidden;-webkit-margin-top-collapse: separate;"></div>
<div style="clear:both;width:0px;"></div>
</div>
</div>
<div class=" visible-lg-block d-xl-block d-lg-block visible-md-block d-md-block visible-sm-block d-sm-block visible-xs-block d-block" style="clear: both;width:0px;"></div>
</div>
]]></introtext>
    </content>
    <content>
      <meta_ID>tt_page4</meta_ID>
      <page_title>Tours</page_title>
      <alias>tours</alias>
      <page_header_id>tours</page_header_id>
      <state>1</state>
      <featured>1</featured>
      <created>07/26/2019 00:00:00</created>
      <created_by_alias>SuperUser</created_by_alias>
      <page_title_visibility>false</page_title_visibility>
      <introtext><![CDATA[<div class="ttr_tours_html_row0 row" >
<div class="post_column col-xl-9 col-lg-9 col-md-11 col-sm-12 col-xs-12 col-12">
<div class="ttr_tours_html_column00">
<div style="height:0px;width:0px;overflow:hidden;-webkit-margin-top-collapse: separate;"></div>
<div class="html_content"><p style="margin:10px 0px 10px 0px;line-height:46px;font-family:'Open Sans','Arial';font-size:2.143em;color:rgba(119,119,119,1);"><span style="font-weight:700;font-size:3.429em;color:rgba(0,0,0,1);">The best place you must to visit</span></p><p style="margin:10px 0px 10px 0px;line-height:26.2px;font-family:'Open Sans','Arial';font-size:2.143em;color:rgba(119,119,119,1);"><span style="font-size:1.071em;color:rgba(52,52,52,1);">Lorem ipsum dolor sit amet test link adipiscing elit. Nullam dignissim convallis est quisque aliquam donec faucibus. Nunc iaculis suscipit dui nam sit amet sem aliquam libero.</span></p></div>
<div style="height:0px;width:0px;overflow:hidden;-webkit-margin-top-collapse: separate;"></div>
<div style="clear:both;width:0px;"></div>
</div>
</div>
<div class=" visible-sm-block d-sm-block visible-xs-block d-block" style="clear: both;width:0px;"></div>
<div class="post_column col-xl-3 col-lg-3 col-md-1 col-sm-12 col-xs-12 col-12">
<div class="ttr_tours_html_column01">
<div style="height:0px;width:0px;overflow:hidden;-webkit-margin-top-collapse: separate;"></div>
<div class="html_content"> </div>
<div style="height:0px;width:0px;overflow:hidden;-webkit-margin-top-collapse: separate;"></div>
<div style="clear:both;width:0px;"></div>
</div>
</div>
<div class=" visible-lg-block d-xl-block d-lg-block visible-md-block d-md-block visible-sm-block d-sm-block visible-xs-block d-block" style="clear: both;width:0px;"></div>
<div class="post_column col-xl-3 col-lg-3 col-md-6 col-sm-12 col-xs-12 col-12">
<div class="ttr_tours_html_column02">
<div style="height:0px;width:0px;overflow:hidden;-webkit-margin-top-collapse: separate;"></div>
<div class="html_content"><p style="margin:5px 0px 5px 0px;text-align:Center;line-height:22px;font-family:'Open Sans','Arial';color:rgba(51,51,51,1);"><span class="ttr_image" style="float:none;display:block;text-align:center;overflow:hidden;margin:0px 0px 0px 0px;"><span><img class="ttr_uniform ttr_animation" style="max-height:470px;max-width:400px;margin:0px 0px 20px 0px;" src="<?php echo $template_path; ?>/images/Bali.jpg" alt="bali" data-animation="Magnify" data-animation-to="1.2" data-animation-dur="0.7" /></span></span><span style="font-weight:700;font-size:1.286em;color:rgba(0,0,0,1);">Bali</span></p><p style="margin:5px 0px 5px 0px;text-align:Center;line-height:22px;font-family:'Open Sans','Arial';color:rgba(51,51,51,1);"><span style="font-weight:700;font-size:1.286em;color:rgba(255,101,1,1);">$1500</span></p></div>
<div style="height:0px;width:0px;overflow:hidden;-webkit-margin-top-collapse: separate;"></div>
<div style="clear:both;width:0px;"></div>
</div>
</div>
<div class=" visible-sm-block d-sm-block visible-xs-block d-block" style="clear: both;width:0px;"></div>
<div class="post_column col-xl-3 col-lg-3 col-md-6 col-sm-12 col-xs-12 col-12">
<div class="ttr_tours_html_column03">
<div style="height:0px;width:0px;overflow:hidden;-webkit-margin-top-collapse: separate;"></div>
<div class="html_content"><p style="margin:5px 0px 5px 0px;text-align:Center;line-height:22px;font-family:'Open Sans','Arial';color:rgba(51,51,51,1);"><span class="ttr_image" style="float:none;display:block;text-align:center;overflow:hidden;margin:0px 0px 0px 0px;"><span><img class="ttr_uniform ttr_animation" style="max-height:470px;max-width:400px;margin:0px 0px 20px 0px;" src="<?php echo $template_path; ?>/images/Spain.jpg" alt="spain" data-animation="Magnify" data-animation-to="1.2" data-animation-dur="0.7" /></span></span><span style="font-weight:700;font-size:1.286em;color:rgba(0,0,0,1);">Spain</span></p><p style="margin:5px 0px 5px 0px;text-align:Center;line-height:22px;font-family:'Open Sans','Arial';color:rgba(51,51,51,1);"><span style="font-weight:700;font-size:1.286em;color:rgba(255,101,1,1);">$1200</span></p></div>
<div style="height:0px;width:0px;overflow:hidden;-webkit-margin-top-collapse: separate;"></div>
<div style="clear:both;width:0px;"></div>
</div>
</div>
<div class=" visible-md-block d-md-block visible-sm-block d-sm-block visible-xs-block d-block" style="clear: both;width:0px;"></div>
<div class="post_column col-xl-3 col-lg-3 col-md-6 col-sm-12 col-xs-12 col-12">
<div class="ttr_tours_html_column04">
<div style="height:0px;width:0px;overflow:hidden;-webkit-margin-top-collapse: separate;"></div>
<div class="html_content"><p style="margin:5px 0px 5px 0px;text-align:Center;line-height:22px;font-family:'Open Sans','Arial';color:rgba(51,51,51,1);"><span class="ttr_image" style="float:none;display:block;text-align:center;overflow:hidden;margin:0px 0px 0px 0px;"><span><img class="ttr_uniform ttr_animation" style="max-height:470px;max-width:400px;margin:0px 0px 20px 0px;" src="<?php echo $template_path; ?>/images/hong kong.jpg" alt="hong kong" data-animation="Magnify" data-animation-to="1.2" data-animation-dur="0.7" /></span></span><span style="font-weight:700;font-size:1.286em;color:rgba(0,0,0,1);">Hong Kong</span></p><p style="margin:5px 0px 5px 0px;text-align:Center;line-height:22px;font-family:'Open Sans','Arial';color:rgba(51,51,51,1);"><span style="font-weight:700;font-size:1.286em;color:rgba(255,101,1,1);">$2000</span></p></div>
<div style="height:0px;width:0px;overflow:hidden;-webkit-margin-top-collapse: separate;"></div>
<div style="clear:both;width:0px;"></div>
</div>
</div>
<div class=" visible-sm-block d-sm-block visible-xs-block d-block" style="clear: both;width:0px;"></div>
<div class="post_column col-xl-3 col-lg-3 col-md-6 col-sm-12 col-xs-12 col-12">
<div class="ttr_tours_html_column05">
<div style="height:0px;width:0px;overflow:hidden;-webkit-margin-top-collapse: separate;"></div>
<div class="html_content"><p style="margin:5px 0px 5px 0px;text-align:Center;line-height:22px;font-family:'Open Sans','Arial';color:rgba(51,51,51,1);"><span class="ttr_image" style="float:none;display:block;text-align:center;overflow:hidden;margin:0px 0px 0px 0px;"><span><img class="ttr_uniform ttr_animation" style="max-height:470px;max-width:400px;margin:0px 0px 20px 0px;" src="<?php echo $template_path; ?>/images/philippines.jpg" alt="phillippines" data-animation="Magnify" data-animation-to="1.2" data-animation-dur="0.7" /></span></span><span style="font-weight:700;font-size:1.286em;color:rgba(0,0,0,1);">Philippines</span></p><p style="margin:5px 0px 5px 0px;text-align:Center;line-height:22px;font-family:'Open Sans','Arial';color:rgba(51,51,51,1);"><span style="font-weight:700;font-size:1.286em;color:rgba(255,101,1,1);">$1800</span></p></div>
<div style="height:0px;width:0px;overflow:hidden;-webkit-margin-top-collapse: separate;"></div>
<div style="clear:both;width:0px;"></div>
</div>
</div>
<div class=" visible-lg-block d-xl-block d-lg-block visible-md-block d-md-block visible-sm-block d-sm-block visible-xs-block d-block" style="clear: both;width:0px;"></div>
</div>
<div class="ttr_tours_html_row1 row" >
<div class="post_column col-xl-3 col-lg-3 col-md-6 col-sm-12 col-xs-12 col-12">
<div class="ttr_tours_html_column10">
<div style="height:0px;width:0px;overflow:hidden;-webkit-margin-top-collapse: separate;"></div>
<div class="html_content"><p style="margin:5px 0px 5px 0px;text-align:Center;line-height:22px;font-family:'Open Sans','Arial';color:rgba(51,51,51,1);"><span class="ttr_image" style="float:none;display:block;text-align:center;overflow:hidden;margin:0px 0px 0px 0px;"><span><img class="ttr_uniform ttr_animation" style="max-height:470px;max-width:400px;margin:0px 0px 20px 0px;" src="<?php echo $template_path; ?>/images/Paris.jpg" alt="Paris" data-animation="Magnify" data-animation-to="1.2" data-animation-dur="0.7" /></span></span><span style="font-weight:700;font-size:1.286em;color:rgba(0,0,0,1);">Paris</span></p><p style="margin:5px 0px 5px 0px;text-align:Center;line-height:22px;font-family:'Open Sans','Arial';color:rgba(51,51,51,1);"><span style="font-weight:700;font-size:1.286em;color:rgba(255,101,1,1);">$2500</span></p></div>
<div style="height:0px;width:0px;overflow:hidden;-webkit-margin-top-collapse: separate;"></div>
<div style="clear:both;width:0px;"></div>
</div>
</div>
<div class=" visible-sm-block d-sm-block visible-xs-block d-block" style="clear: both;width:0px;"></div>
<div class="post_column col-xl-3 col-lg-3 col-md-6 col-sm-12 col-xs-12 col-12">
<div class="ttr_tours_html_column11">
<div style="height:0px;width:0px;overflow:hidden;-webkit-margin-top-collapse: separate;"></div>
<div class="html_content"><p style="margin:5px 0px 5px 0px;text-align:Center;line-height:22px;font-family:'Open Sans','Arial';color:rgba(51,51,51,1);"><span class="ttr_image" style="float:none;display:block;text-align:center;overflow:hidden;margin:0px 0px 0px 0px;"><span><img class="ttr_uniform ttr_animation" style="max-height:470px;max-width:400px;margin:0px 0px 20px 0px;" src="<?php echo $template_path; ?>/images/India.jpg" alt="India" data-animation="Magnify" data-animation-to="1.2" data-animation-dur="0.7" /></span></span><span style="font-weight:700;font-size:1.286em;color:rgba(0,0,0,1);">India</span></p><p style="margin:5px 0px 5px 0px;text-align:Center;line-height:22px;font-family:'Open Sans','Arial';color:rgba(51,51,51,1);"><span style="font-weight:700;font-size:1.286em;color:rgba(255,101,1,1);">$1600</span></p></div>
<div style="height:0px;width:0px;overflow:hidden;-webkit-margin-top-collapse: separate;"></div>
<div style="clear:both;width:0px;"></div>
</div>
</div>
<div class=" visible-md-block d-md-block visible-sm-block d-sm-block visible-xs-block d-block" style="clear: both;width:0px;"></div>
<div class="post_column col-xl-3 col-lg-3 col-md-6 col-sm-12 col-xs-12 col-12">
<div class="ttr_tours_html_column12">
<div style="height:0px;width:0px;overflow:hidden;-webkit-margin-top-collapse: separate;"></div>
<div class="html_content"><p style="margin:5px 0px 5px 0px;text-align:Center;line-height:22px;font-family:'Open Sans','Arial';color:rgba(51,51,51,1);"><span class="ttr_image" style="float:none;display:block;text-align:center;overflow:hidden;margin:0px 0px 0px 0px;"><span><img class="ttr_uniform ttr_animation" style="max-height:470px;max-width:400px;margin:0px 0px 20px 0px;" src="<?php echo $template_path; ?>/images/Greece.jpg" alt="Greece" data-animation="Magnify" data-animation-to="1.2" data-animation-dur="0.7" /></span></span><span style="font-weight:700;font-size:1.286em;color:rgba(0,0,0,1);">Greece</span></p><p style="margin:5px 0px 5px 0px;text-align:Center;line-height:22px;font-family:'Open Sans','Arial';color:rgba(51,51,51,1);"><span style="font-weight:700;font-size:1.286em;color:rgba(255,101,1,1);">$1800</span></p></div>
<div style="height:0px;width:0px;overflow:hidden;-webkit-margin-top-collapse: separate;"></div>
<div style="clear:both;width:0px;"></div>
</div>
</div>
<div class=" visible-sm-block d-sm-block visible-xs-block d-block" style="clear: both;width:0px;"></div>
<div class="post_column col-xl-3 col-lg-3 col-md-6 col-sm-12 col-xs-12 col-12">
<div class="ttr_tours_html_column13">
<div style="height:0px;width:0px;overflow:hidden;-webkit-margin-top-collapse: separate;"></div>
<div class="html_content"><p style="margin:5px 0px 5px 0px;text-align:Center;line-height:22px;font-family:'Open Sans','Arial';color:rgba(51,51,51,1);"><span class="ttr_image" style="float:none;display:block;text-align:center;overflow:hidden;margin:0px 0px 0px 0px;"><span><img class="ttr_uniform ttr_animation" style="max-height:470px;max-width:400px;margin:0px 0px 20px 0px;" src="<?php echo $template_path; ?>/images/Italy.jpg" alt="Italy" data-animation="Magnify" data-animation-to="1.2" data-animation-dur="0.7" /></span></span><span style="font-weight:700;font-size:1.286em;color:rgba(0,0,0,1);">Italy</span></p><p style="margin:5px 0px 5px 0px;text-align:Center;line-height:22px;font-family:'Open Sans','Arial';color:rgba(51,51,51,1);"><span style="font-weight:700;font-size:1.286em;color:rgba(255,101,1,1);">$1500</span></p></div>
<div style="height:0px;width:0px;overflow:hidden;-webkit-margin-top-collapse: separate;"></div>
<div style="clear:both;width:0px;"></div>
</div>
</div>
<div class=" visible-lg-block d-xl-block d-lg-block visible-md-block d-md-block visible-sm-block d-sm-block visible-xs-block d-block" style="clear: both;width:0px;"></div>
</div>
]]></introtext>
    </content>
  </pages>
  <sidebars />
  <footers>
    <footer name="abc0">
      <block name="footercellcolumn0" tt_blockID="footer_cell0" title="footertext1">
        <content><![CDATA[<div class="html_content"><p><span class="ttr_image" style="float:Left;overflow:hidden;margin:0px 0px 0px 0px;"><span><img class="ttr_uniform" style="max-height:35px;max-width:135px;" src="images/Logo footer1.png" alt="footer logo" /></span></span></p><br /><p style="margin:0px 0px 5px 0px;line-height:29px;"><span style="color:rgba(225,225,225,1);">Lorem ipsum dolor sit amet, test link adipiscing elit.Nullam dignissim convallis est.Quisque aliquam. Donec faucibus. Nunc iaculis suscipit dui.Nam sit amet sem. Aliquam libero nisi.</span></p></div>]]></content>
        <widget_pages>
          <widget_page>home</widget_page>
          <widget_page>about-us</widget_page>
          <widget_page>contact</widget_page>
          <widget_page>tours</widget_page>
        </widget_pages>
      </block>
    </footer>
    <footer name="abc1">
      <block name="footercellcolumn1" tt_blockID="footer_cell1" title="footertext2">
        <content><![CDATA[<div class="html_content"><p><span style="font-weight:700;font-size:1.286em;color:rgba(255,255,255,1);">SERVICES</span></p><p style="margin:20px 0px 5px 0px;line-height:29px;"><span style="color:rgba(225,225,225,1);">Insurance</span></p><p style="line-height:29px;"><span style="color:rgba(225,225,225,1);">Meals Included</span></p><p style="line-height:29px;"><span style="color:rgba(225,225,225,1);">Customer Care</span></p><p style="line-height:29px;"><span style="color:rgba(225,225,225,1);">Accessibility</span></p><p style="line-height:29px;"><span style="color:rgba(225,225,225,1);">Shuttle Included</span></p></div>]]></content>
        <widget_pages>
          <widget_page>home</widget_page>
          <widget_page>about-us</widget_page>
          <widget_page>contact</widget_page>
          <widget_page>tours</widget_page>
        </widget_pages>
      </block>
    </footer>
    <footer name="abc2">
      <block name="footercellcolumn2" tt_blockID="footer_cell2" title="footertext3">
        <content><![CDATA[<div class="html_content"><p style="margin:5px 0px 5px 0px;line-height:22px;font-family:'Open Sans','Arial';color:rgba(51,51,51,1);"><span style="font-weight:700;font-size:1.286em;color:rgba(255,255,255,1);">PAGES</span></p><p style="margin:20px 0px 5px 0px;line-height:29px;font-family:'Open Sans','Arial';color:rgba(51,51,51,1);"><span style="color:rgba(225,225,225,1);">Home</span></p><p style="margin:5px 0px 5px 0px;line-height:29px;font-family:'Open Sans','Arial';color:rgba(51,51,51,1);"><span style="color:rgba(225,225,225,1);">About</span></p><p style="margin:5px 0px 5px 0px;line-height:29px;font-family:'Open Sans','Arial';color:rgba(51,51,51,1);"><span style="color:rgba(225,225,225,1);">Tours</span></p><p style="margin:5px 0px 5px 0px;line-height:29px;font-family:'Open Sans','Arial';color:rgba(51,51,51,1);"><span style="color:rgba(225,225,225,1);">Contact us</span></p><p style="margin:5px 0px 5px 0px;line-height:29px;font-family:'Open Sans','Arial';color:rgba(51,51,51,1);"><span style="color:rgba(225,225,225,1);">Blog</span></p></div>]]></content>
        <widget_pages>
          <widget_page>home</widget_page>
          <widget_page>about-us</widget_page>
          <widget_page>contact</widget_page>
          <widget_page>tours</widget_page>
        </widget_pages>
      </block>
    </footer>
    <footer name="abc3">
      <block name="footercellcolumn3" tt_blockID="footer_cell3" title="footertext4">
        <content><![CDATA[<div class="html_content"><p style="margin:5px 0px 5px 0px;line-height:22px;font-family:'Open Sans','Arial';color:rgba(51,51,51,1);"><span style="font-weight:700;font-size:1.286em;color:rgba(255,255,255,1);">ADDRESS</span></p><p style="margin:20px 0px 0px 0px;line-height:29px;font-family:'Nunito Sans','Arial';color:rgba(51,51,51,1);"><span style="color:rgba(225,225,225,1);">123 ABC Ave Street View #456 XYZ New York City, NY 100005, USA</span></p><p style="margin:0px 0px 0px 0px;line-height:29px;font-family:'Nunito Sans','Arial';color:rgba(51,51,51,1);"><span style="font-weight:600;color:rgba(225,225,225,1);">Phone: </span><span style="color:rgba(225,225,225,1);">1800 245 1620</span></p><p style="margin:0px 0px 5px 0px;"><span style="font-family:'Nunito Sans','Arial';font-style:normal;font-weight:400;font-size:1em;color:rgba(51,51,51,1);"><span style="font-weight:600;color:rgba(225,225,225,1);">Email: </span></span><span style="font-family:'Nunito Sans','Arial';color:rgba(225,225,225,1);">info@travel.com</span></p></div>]]></content>
        <widget_pages>
          <widget_page>home</widget_page>
          <widget_page>about-us</widget_page>
          <widget_page>contact</widget_page>
          <widget_page>tours</widget_page>
        </widget_pages>
      </block>
    </footer>
  </footers>
  <Shapes>
    <headershapes />
    <slideshowshapes>
      <slideshow name="slideshowshape01">
        <block name="slideshowshape01" tt_blockID="slideshow_cell000" title="slideshowshape001">
          <content><![CDATA[<div class="html_content"><p style="text-align:Center;"><span style="font-weight:700;font-size:5.143em;color:rgba(255,255,255,1);">Aroud the World in 3 Months</span></p></div>]]></content>
          <widget_pages>
            <widget_page>home</widget_page>
            <widget_page>about-us</widget_page>
            <widget_page>contact</widget_page>
            <widget_page>tours</widget_page>
            <widget_page>blog</widget_page>
          </widget_pages>
        </block>
      </slideshow>
      <slideshow name="slideshowshape11">
        <block name="slideshowshape11" tt_blockID="slideshow_cell100" title="slideshowshape011">
          <content><![CDATA[<div class="html_content"><p style="text-align:Center;"><span style="font-weight:700;font-size:5.143em;color:rgba(255,255,255,1);">Seaside Adventure Go Exploring</span></p></div>]]></content>
          <widget_pages>
            <widget_page>home</widget_page>
            <widget_page>about-us</widget_page>
            <widget_page>contact</widget_page>
            <widget_page>tours</widget_page>
            <widget_page>blog</widget_page>
          </widget_pages>
        </block>
      </slideshow>
      <slideshow name="slideshowshape21">
        <block name="slideshowshape21" tt_blockID="slideshow_cell200" title="slideshowshape021">
          <content><![CDATA[<div class="html_content"><p style="text-align:Center;"><span style="font-weight:700;font-size:5.143em;color:rgba(255,255,255,1);">Endless Beaches Crystal Waters</span></p></div>]]></content>
          <widget_pages>
            <widget_page>home</widget_page>
            <widget_page>about-us</widget_page>
            <widget_page>contact</widget_page>
            <widget_page>tours</widget_page>
            <widget_page>blog</widget_page>
          </widget_pages>
        </block>
      </slideshow>
    </slideshowshapes>
    <menushapes>
      <menu name="menushape1">
        <block name="menushape1" tt_blockID="menu_cell00" title="menushape01">
          <content><![CDATA[<div class="html_content"><p><span style="font-weight:700;font-size:1.714em;color:rgba(255,101,1,1);">1800-245-1620</span></p></div>]]></content>
          <widget_pages>
            <widget_page>home</widget_page>
            <widget_page>about-us</widget_page>
            <widget_page>contact</widget_page>
            <widget_page>tours</widget_page>
            <widget_page>blog</widget_page>
          </widget_pages>
        </block>
      </menu>
    </menushapes>
    <footershapes />
  </Shapes>
</sitecontent>