﻿<?xml version="1.0" encoding="utf-8"?>
<extension type="package" version="3.0" method="upgrade">
  <name>This is package Installation</name>
  <packagename>tt_content</packagename>
  <version>1.0</version>
  <author>TemplateToaster</author>
  <scriptfile>pkg_tt_content.script.php</scriptfile>
  <files folder="source">
    <file type="template" id="tt_content" client="site">theme--200151</file>
    <file type="module" id="tt_content" client="administrator">mod_ttcontent</file>
  </files>
</extension>